{
"highlevel": {
    "danceability": {
        "all": {
            "danceable": 0.999472796917,
            "not_danceable": 0.000527202442754
        },
        "probability": 0.999472796917,
        "value": "danceable"
    },
    "gender": {
        "all": {
            "female": 0.183230742812,
            "male": 0.816769242287
        },
        "probability": 0.816769242287,
        "value": "male"
    },
    "genre_dortmund": {
        "all": {
            "alternative": 0.0173710528761,
            "blues": 0.00301354308613,
            "electronic": 0.953870892525,
            "folkcountry": 0.00861989054829,
            "funksoulrnb": 0.000587284914218,
            "jazz": 0.00210337038152,
            "pop": 0.000693828857038,
            "raphiphop": 0.00868819374591,
            "rock": 0.0050519714132
        },
        "probability": 0.953870892525,
        "value": "electronic"
    },
    "genre_electronic": {
        "all": {
            "ambient": 0.0341713912785,
            "dnb": 0.0056968764402,
            "house": 0.0638606399298,
            "techno": 0.0131962057203,
            "trance": 0.883074879646
        },
        "probability": 0.883074879646,
        "value": "trance"
    },
    "genre_rosamerica": {
        "all": {
            "cla": 0.00320306280628,
            "dan": 0.907850623131,
            "hip": 0.0453131273389,
            "jaz": 0.000461804447696,
            "pop": 0.00618429994211,
            "rhy": 0.00788552686572,
            "roc": 0.0285863038152,
            "spe": 0.000515253457706
        },
        "probability": 0.907850623131,
        "value": "dan"
    },
    "genre_tzanetakis": {
        "all": {
            "blu": 0.0626613423228,
            "cla": 0.0348169617355,
            "cou": 0.104475811124,
            "dis": 0.0784321576357,
            "hip": 0.15692435205,
            "jaz": 0.313974827528,
            "met": 0.0448166541755,
            "pop": 0.0627359300852,
            "reg": 0.0627360641956,
            "roc": 0.0784258767962
        },
        "probability": 0.313974827528,
        "value": "jaz"
    },
    "ismir04_rhythm": {
        "all": {
            "ChaChaCha": 0.790091991425,
            "Jive": 0.0217050109059,
            "Quickstep": 0.00798651203513,
            "Rumba-American": 0.00712482398376,
            "Rumba-International": 0.0126906596124,
            "Rumba-Misc": 0.00775317754596,
            "Samba": 0.0426520369947,
            "Tango": 0.027467885986,
            "VienneseWaltz": 0.0781079232693,
            "Waltz": 0.00441996054724
        },
        "probability": 0.790091991425,
        "value": "ChaChaCha"
    },
    "mood_acoustic": {
        "all": {
            "acoustic": 7.06606488166e-06,
            "not_acoustic": 0.999992907047
        },
        "probability": 0.999992907047,
        "value": "not_acoustic"
    },
    "mood_aggressive": {
        "all": {
            "aggressive": 0.858892977238,
            "not_aggressive": 0.141107052565
        },
        "probability": 0.858892977238,
        "value": "aggressive"
    },
    "mood_electronic": {
        "all": {
            "electronic": 0.851270496845,
            "not_electronic": 0.148729532957
        },
        "probability": 0.851270496845,
        "value": "electronic"
    },
    "mood_happy": {
        "all": {
            "happy": 0.190603777766,
            "not_happy": 0.809396207333
        },
        "probability": 0.809396207333,
        "value": "not_happy"
    },
    "mood_party": {
        "all": {
            "not_party": 0.0513019040227,
            "party": 0.948698103428
        },
        "probability": 0.948698103428,
        "value": "party"
    },
    "mood_relaxed": {
        "all": {
            "not_relaxed": 0.904300510883,
            "relaxed": 0.095699518919
        },
        "probability": 0.904300510883,
        "value": "not_relaxed"
    },
    "mood_sad": {
        "all": {
            "not_sad": 0.918182790279,
            "sad": 0.0818171873689
        },
        "probability": 0.918182790279,
        "value": "not_sad"
    },
    "moods_mirex": {
        "all": {
            "Cluster1": 0.090092331171,
            "Cluster2": 0.246687352657,
            "Cluster3": 0.136166542768,
            "Cluster4": 0.29509678483,
            "Cluster5": 0.231956988573
        },
        "probability": 0.29509678483,
        "value": "Cluster4"
    },
    "timbre": {
        "all": {
            "bright": 0.878439128399,
            "dark": 0.121560864151
        },
        "probability": 0.878439128399,
        "value": "bright"
    },
    "tonal_atonal": {
        "all": {
            "atonal": 0.77947729826,
            "tonal": 0.220522716641
        },
        "probability": 0.77947729826,
        "value": "atonal"
    },
    "voice_instrumental": {
        "all": {
            "instrumental": 0.0213844366372,
            "voice": 0.978615581989
        },
        "probability": 0.978615581989,
        "value": "voice"
    }
},
"metadata": {
    "audio_properties": {
        "analysis_sample_rate": 44100,
        "bit_rate": 128000,
        "equal_loudness": 0,
        "length": 171.730041504,
        "lossless": 0,
        "replay_gain": 0.558637619019,
        "sample_rate": 44100,
        "codec": "mp3",
        "downmix": "mix",
        "md5_encoded": "2f8fa05927240cc171b0e8414277a9f2"
    },
    "tags": {
        "file_name": "Call on Me.mp3",
        "acoustid_id": ["13fca163-2ea7-4327-a4ed-9e8f5f33ae7e"],
        "album": ["Eric Prydz"],
        "albumartist": ["Eric Prydz"],
        "artist": ["Eric Prydz"],
        "artistsort": ["Prydz, Eric"],
        "date": ["2005"],
        "discnumber": ["1\/1"],
        "encoding": ["Lavf56.40.101"],
        "genre": ["Pop"],
        "musicbrainz album status": ["official"],
        "musicbrainz album type": ["album"],
        "musicbrainz_albumartistid": ["35dac7d2-0b1f-470f-9a5a-c53c8821f6d6"],
        "musicbrainz_albumid": ["29d5ee18-17ba-4eac-9080-cd1d3bb0ffc6"],
        "musicbrainz_artistid": ["35dac7d2-0b1f-470f-9a5a-c53c8821f6d6"],
        "musicbrainz_releasegroupid": ["5c60f2ff-db1e-389d-9019-a574c3b0f4ee"],
        "originalyear": ["2005"],
        "script": ["Latn"],
        "title": ["Call on Me"],
        "tracknumber": ["4\/14"]
    },
    "version": {
        "highlevel": {
            "essentia": "2.1-beta3",
            "essentia_git_sha": "Undefined",
            "extractor": "music 1.0",
            "gaia": "2.4.4",
            "gaia_git_sha": "Undefined"
        },
        "lowlevel": {
            "essentia": "2.1-beta3",
            "essentia_git_sha": "Undefined",
            "extractor": "music 1.0"
        }
    }
}
}